coin_id,simbolo,nombre,rank,precio,mcap,volumen_24h,cambio_24h,cambio_7d,cambio_30d,fuente_velas,dias_historial,fecha_ultima_vela,sma20,dist_sma20,sma50,dist_sma50,sma200,dist_sma200,cruce_50_200,ret_7d,ret_30d,ret_90d,rsi14,macd,macd_senal,macd_hist_pct,macd_cruce_reciente,vol_prom30,vol_relativo,ret_dia,ret_z,volatilidad_30d,caida_max_90d,max_90d,dist_max_90d,vs_btc_30d,anomalias,p_tendencia,p_momentum,p_sentimiento,p_riesgo,puntaje,nota_puntaje
bitcoin,BTC,Bitcoin,1,82995.0,1667655067222,14986311149.0,0.53394,-1.9907,7.6537,binance,370,2026-10-09,84315.8495,-1.992863156766267,80737.4406,2.35096553209293,71893.348,14.941858042276746,True,-2.227288598015964,5.52843489353303,29.484244503987856,50.38970750496809,1141.9728830183303,1703.2209708153307,-0.6791847912877694,False,1328542988.0136564,0.7648183753319491,1.0777394991954736,0.5248268545295014,39.49539751977364,-6.922436799537146,86620.0,-4.599919187254676,0.0,,62.0,55.0,,98.0,71.0,
ethereum,ETH,Ethereum,2,2504.61,305848733285,5694415989.0,0.698,-6.6192,1.9628,binance,370,2026-10-09,2670.5185,-6.845805411945294,2554.6895999999997,-2.6222207191041846,2131.3374,16.72014013360812,True,-6.778486016960283,0.7929079910701464,39.15178771199712,39.00585347953693,13.240894430511162,49.10991882041242,-1.4418549017124758,False,779617304.3913337,0.5492867105557852,0.5212542427670774,0.18047644609175148,45.13451990327641,-10.856245429887723,2776.19,-10.39157982702914,-4.735526902462883,,52.0,33.0,,95.0,60.0,
binancecoin,BNB,BNB,4,750.23,99891591842,457124130.0,1.07935,-4.3923,5.1046,binance,370,2026-10-09,773.251,-4.000124151148842,739.6029999999998,0.3673592454330521,641.588,15.70041833700133,True,-3.3752033843149953,2.723347725008307,29.17776037588098,44.847606147297675,7.025647946473555,13.710125381956527,-0.9004846205791265,False,103366807.07702833,0.5957016761093732,0.8477339419628249,0.4542973204668297,34.51915606036688,-7.922092543250637,799.41,-7.141516868690645,-2.8050871685247225,,58.0,45.0,,95.0,66.0,
ripple,XRP,XRP,5,1.4,88553779943,856299125.0,0.64329,-5.6553,3.8733,binance,370,2026-10-09,1.491675,-6.427338394757576,1.4336959999999999,-2.643238176014995,1.2805025,9.004082381721235,True,-5.987741631305987,0.05734767025089571,27.27272727272727,43.38489408792864,0.00781696702819823,0.027368072513530236,-1.4007096636575445,False,250762158.57595137,0.4800898005368163,1.1082940963418997,0.304981475925639,69.89406634860335,-15.594580373585886,1.5727,-11.248171933617346,-5.471087223282134,,48.0,34.0,,87.0,56.0,
solana,SOL,Solana,7,110.04,64795105274,1526080599.0,0.80051,-7.7162,10.6588,binance,370,2026-10-09,117.85999999999999,-7.407093161377897,108.2394,0.8228057435647251,86.65629999999999,25.93429444829749,True,-8.023598820059007,7.443142660234314,42.1148587055606,42.66089365046314,2.2050048754335165,4.073662563978854,-1.7123226322233465,False,280744234.00348735,0.7233177247665843,-0.446998722860803,-0.1496393848700984,65.33986913055013,-11.233278358072207,122.15,-10.659025787965625,1.9147077667012846,,57.0,41.0,,92.0,63.0,
tron,TRX,TRON,8,0.330672,31417304100,253192147.0,-0.33536,-1.3784,-2.7956,binance,370,2026-10-09,0.33687999999999996,-1.4782711944906102,0.336854,-1.4706668170780257,0.332321,-0.12668474156012355,True,-0.8365700627427586,-2.065506048982002,0.6062443164595255,40.185133559585765,-0.0008994905913674023,-0.0003935055819914179,-0.1524510422946624,False,28778417.753490996,0.8179597956828084,-0.2704326923076983,-0.3282017112546945,11.847796703974618,-6.552623948970715,0.3449,-3.769208466222096,-7.593940942515031,,55.0,48.0,,96.0,66.0,
zcash,ZEC,Zcash,10,1220.14,20713274204,396543601.0,0.76294,-7.1601,7.7305,binance,370,2026-10-09,1425.5345,-15.40997429385259,1188.6052,1.4516847141506695,634.9955,89.90055835041349,True,-7.347020315333319,-3.087729449963039,137.05203562090858,43.27388486688207,9.520653881079625,57.84541684935296,-4.0074936533489245,False,316097767.1685576,0.4908013937965962,1.5871678657478405,0.23592400485080817,137.52961397187443,-28.195170344560584,1653.12,-27.055507162214475,-8.616164343496068,,58.0,31.0,,46.0,45.0,
hyperliquid,HYPE,Hyperliquid,11,85.31,18975290549,567310174.0,1.26668,-4.7435,6.5063,binance,16,2026-10-09,,,,,,,,-5.47699214365881,,,38.808150234070425,,,,False,,,-0.011872254541145377,,,-10.57549373540031,94.18,-10.57549373540031,,,,,,,,Sin puntaje: solo 16 días de historial (mínimo 60).
dogecoin,DOGE,Dogecoin,12,0.085745,13399119570,355313207.0,0.56375,-7.6857,2.0933,binance,370,2026-10-09,0.0937365,-8.904215540371151,0.0891802,-4.250046534993201,0.0877464,-2.685466298332473,True,-8.113633918002805,-0.8936861652739214,16.63707143832809,41.31670119105413,0.00017845236857855218,0.001700083081382637,-1.781977647036052,False,86315980.57186465,0.4652107057620436,1.606377915278423,0.4596495032101047,77.49457272264738,-16.328156113102345,0.10044,-14.98407009159698,-6.422121058806951,,41.0,28.0,,81.0,49.0,
chainlink,LINK,Chainlink,14,13.01,9974050384,208277380.0,1.52432,-7.3794,12.4063,binance,370,2026-10-09,13.7041,-6.517027750819104,12.489299999999998,2.5758048889849894,9.67197,32.45491869805222,True,-7.12628679135856,8.531006438495425,61.85723310170561,46.5235714767541,0.3107936856187674,0.5591769736081056,-1.9388282568834452,False,39471798.69047567,0.4044552870067754,0.8184465255371087,0.22235265901940418,76.91664964637074,-17.764690654931393,15.452,-17.091638622831994,3.0025715449623958,,60.0,36.0,,79.0,58.0,
monero,XMR,Monero,15,520.91,9818096362,93853536.0,-0.72784,-6.6603,2.4015,coingecko,370,2026-10-09,554.2483206087891,-2.586329595690706,516.8313019481676,4.466124676289929,395.77064040553546,36.42084003655004,True,-0.7271783918788355,7.967428980000335,67.61105367430586,50.1528567441945,9.184393406935328,12.712715567289298,-0.6534975132207215,False,125892783.966803,0.9553599720563974,-2.4688183059447533,-0.8843029878641891,55.68034532958342,-10.258282468468948,590.786916912482,-8.611105492837613,2.4389940864673054,,72.0,63.0,,84.0,73.0,
whitebit,WBT,WhiteBIT Coin,16,81.6,9693156247,26097704.0,0.54056,-3.1208,2.2438,coingecko,370,2026-10-09,84.23746325010374,-4.601628962978966,78.72976162418449,2.0721593532966764,60.47384880629589,32.88581648063031,True,-5.156660146757453,-1.0966196987354904,43.60359874511577,44.29286580232517,1.4856320942067214,2.2776386485816134,-0.9855587924042734,False,106321189.63391235,1.4974138786507534,-3.070924353337856,-1.1259080185505124,37.76869730125434,-7.798575593350154,87.15827142656629,-7.798575593350154,-6.62505459226852,,66.0,53.0,,77.0,65.0,
cardano,ADA,Cardano,17,0.250015,9386986258,520312606.0,3.48333,2.4281,20.3652,binance,370,2026-10-09,0.24913000000000002,-2.4204230722915776,0.22636200000000004,7.394350641892178,0.213006,14.12824051904642,True,-0.5319148936170248,14.723926380368102,46.62243667068757,51.34440825417435,0.007764522591689221,0.010090260717933805,-0.9567001753371382,True,44546325.53254367,0.6372075465565152,4.69422911283377,1.191080806214766,81.54347977733786,-15.888258402444343,0.2704,-10.096153846153832,9.195491486835072,,62.0,62.0,,82.0,68.0,
rain,RAIN,Rain,19,0.01099574,7797327607,14270245.0,6.34798,-2.1789,-29.6097,coingecko,370,2026-10-09,0.01214323128711926,-15.48078765389478,0.014304485971255665,-28.25073576315247,0.012048673812582709,-14.817484505881918,True,-14.858734765515436,-36.610062035864175,-28.78109251593326,32.88272873683361,-0.0009286069388271031,-0.0008639595896271241,-0.6298846337782033,False,21154638.5302719,0.8316359495393211,-7.000255645471709,-1.547479752867631,99.75239330666186,-43.47879330790697,0.018158429442510105,-43.47879330790697,-42.138496929397206,,44.0,25.0,,28.0,33.0,
near,NEAR,NEAR Protocol,20,5.29,6921532234,810503418.0,7.63237,11.9991,112.0277,binance,370,2026-10-09,4.82535,1.236179758981204,3.28984,48.48746443596041,2.126745,129.69373385149603,True,4.113384484228466,96.57947686116701,161.36971642589617,57.239709732406666,0.4790817168800068,0.5840081082755094,-2.1479302230399724,False,184249821.16911995,0.7631418106405514,9.43100358422937,1.60407179967972,161.2310221829703,-23.173681664247702,5.387,-9.318730276591792,91.05104196763398,,78.0,81.0,,52.0,71.0,
stellar,XLM,Stellar,21,0.196661,6894734244,80115635.0,1.27054,-8.9426,11.2363,binance,370,2026-10-09,0.21361500000000003,-8.80790206680243,0.196268,-0.7479568752929655,0.181672,7.226209872737677,True,-9.605568445475631,7.505518763796903,4.450402144772125,43.850593528104035,0.002239687892780645,0.006459405264713404,-2.166179349041457,False,24977891.81051,0.38115327888056905,1.405517959396163,0.39452742016338377,84.58438132542744,-19.40686784599376,0.2325,-16.215053763440867,1.9770838702638738,,44.0,30.0,,67.0,47.0,
bitcoin-cash,BCH,Bitcoin Cash,22,280.15,5630969324,136181422.0,1.41458,-11.475,23.9805,binance,370,2026-10-09,310.685,-11.003106039879619,274.018,0.905779912268545,303.42949999999996,-8.875043461495991,False,-11.264441591784347,9.76578007145692,13.31967213114753,43.444606844517466,6.907356234459996,14.022002190780755,-2.5731088449622996,False,22573814.027173333,0.7612864303973316,1.991884913316122,0.3758361905246193,128.90503221288705,-24.8526863084922,345.1,-19.878296146044626,4.23734517792389,,13.0,41.0,,47.0,32.0,
litecoin,LTC,Litecoin,23,63.88,4963207124,206583314.0,0.44822,-7.5886,22.1711,binance,370,2026-10-09,67.40650000000001,-5.839941251956427,58.322399999999995,8.82611140830969,51.65335,22.876831802777552,True,-9.185863499785373,19.30451127819548,42.15005599104145,48.392850958333625,2.370736180354328,3.59503007824551,-1.9289331934633405,False,32363148.069071665,0.48815290839050846,0.4908169727675826,0.16083346129152296,76.91744199501132,-12.990770078523218,72.59,-12.56371401019425,13.77607638466245,,62.0,44.0,,83.0,63.0,
uniswap,UNI,Uniswap,25,7.59,4742375885,478629225.0,4.16688,-15.6037,26.6534,binance,370,2026-10-09,8.900400000000001,-17.734034425419086,7.11678,2.883607474166694,4.285880000000001,70.84006085098041,True,-18.21735731039874,18.921552704239076,100.21875854525568,40.726144043639735,0.1652803680184789,0.5204464429092261,-4.850670238879367,False,82214001.78104667,0.6050866655224464,2.8370786516853874,0.5190502302967755,121.94307447130362,-30.3735575982789,10.226,-28.39820066497165,13.393117810706045,,58.0,39.0,,48.0,49.0,
canton-network,CC,Canton,26,0.119005,4737955124,10989410.0,-2.40456,-3.2883,20.9098,coingecko,334,2026-10-09,0.12222670259249621,-2.8060532108606484,0.11414186903862135,4.078334515158422,0.1341581545002434,-11.450066734739671,False,-1.0146524577645089,10.808160530896949,-11.359478055753957,49.74838656701475,0.003402001823997039,0.004321979163821194,-0.7744115410304,True,17120627.774960194,1.030027220696057,-0.40151955998861677,-0.09046885497269187,99.5965543435679,-34.605017047714945,0.13841795028995557,-14.175180291994982,5.279725637363919,,29.0,66.0,,29.0,40.0,
avalanche-2,AVAX,Avalanche,27,10.36,4593123461,229132033.0,0.22545,-6.4157,37.0875,binance,370,2026-10-09,10.9006,-5.188705208887578,8.92556,15.791054006695383,8.1238,27.2187892365642,True,-4.305555555555552,32.53398307258273,57.738095238095255,51.98913580706539,0.547896577283467,0.7342219713812645,-1.8028581915606925,False,51021746.29493967,0.550665344263933,2.5704644700278,0.6005876779495094,117.98494014769231,-13.197794624396963,11.608,-10.966574776016536,27.005548179049697,,67.0,60.0,,70.0,66.0,
sui,SUI,Sui,28,1.11,4580624624,505664924.0,4.12115,-5.2651,50.7593,binance,370,2026-10-09,1.1195499999999998,-4.443749720869972,0.9072199999999999,17.920680761006167,0.8564555,24.91016754519062,True,-6.657359741732815,38.53923853923855,46.72884378000277,52.146734029293995,0.06797051541543331,0.09070726203390383,-2.1253268478660057,True,96432251.87356766,0.5149505788976744,2.786318216756345,0.6090734818760762,118.53967701519252,-19.226246472248366,1.264,-15.363924050632905,33.01080364570552,,65.0,56.0,,65.0,62.0,
bitway,BTW,Bitway,30,1.59,4305282631,11309449.0,1.39997,15.6432,217.608,coingecko,221,2026-10-09,1.1294242799614898,23.19433438387626,0.7490068524342945,85.76421825066033,0.236926521514564,487.26507913674624,True,-1.7235657396425963,217.9882936531862,2068.5352547641946,61.85407273647915,0.17317679160707455,0.1805093510562768,-0.5269965080421127,True,23695749.141155776,0.514980381729832,7.314166492092733,0.567549003530884,302.2904557220154,-26.845400143317278,1.4157887743284758,-1.7235657396425963,212.45985875965317,,93.0,72.0,,19.0,63.0,
the-open-network,GRAM,Gram (prev. Toncoin),32,1.47,4148072743,34573505.0,1.47097,-2.8401,8.168,binance,100,2026-10-09,1.4917500000000001,-2.463549522373054,1.42812,1.8821947735484512,,,,-2.9352901934623143,5.972323379461031,-11.388550548112054,49.19183832128002,0.012874072409685633,0.027361498687823543,-0.9956994005593065,True,12247078.616469333,1.4874613394709904,5.434782608695676,1.9062608301324613,69.16911127628217,-18.70370370370371,1.631,-10.790925812385034,0.44388848592800123,,47.0,63.0,,65.0,58.0,
hedera-hashgraph,HBAR,Hedera,33,0.09215,4054742883,69172198.0,0.34097,-9.7346,21.9186,binance,370,2026-10-09,0.098235,-6.082353539980668,0.0856128,7.764259549973818,0.08195475,12.574316924888418,True,-9.902343750000009,20.506792058516176,34.6861313868613,48.98036190705468,0.003245086995084065,0.005250982421163671,-2.17417670288273,False,24385300.86650133,0.5338625947422156,2.1253044055789205,0.4815324049186541,132.35743585100187,-25.981155264235966,0.12205,-24.408029496108163,14.978357164983148,,52.0,45.0,,40.0,46.0,
quant-network,QNT,Quant,34,240.06,3494344168,113895662.0,-3.26201,-8.8937,269.0339,binance,370,2026-10-09,197.779,25.53405568841991,117.40440000000001,111.47418665739951,80.9495,206.70973878776272,True,0.4490836266537235,269.7393894266567,276.8670309653916,64.72976124423204,45.38313294796998,46.44004790027213,-0.42569476087568214,True,44936776.545012005,0.5658125603515785,4.878976048663031,0.40657846051517144,385.94238266547774,-19.40543561796967,287.15,-13.536479192059891,264.21095453312364,,94.0,75.0,,46.0,73.0,
bittensor,TAO,Bittensor,36,285.13,3232176886,118712533.0,3.65541,-5.1436,18.7722,binance,370,2026-10-09,300.265,-8.347626263467268,262.02,5.030150370200759,247.30700000000002,11.278694092767271,True,-5.753424657534245,8.218639402280758,32.371332371332365,46.85616642149275,7.78487595109641,13.792700338966133,-2.183075722336382,False,39940218.23139635,0.4617892981894501,2.4571854058078824,0.5522781831461192,112.00774613621675,-17.990214527662772,321.2,-14.321295143212954,2.690204508747729,,50.0,41.0,,64.0,51.0,
shiba-inu,SHIB,Shiba Inu,37,5.43e-06,3197355067,49721789.0,-0.49166,-5.2899,6.6174,binance,370,2026-10-09,5.7555e-06,-5.134219442272602,5.4778e-06,-0.3249479718135051,5.2915999999999994e-06,3.1824022979817235,True,-4.545454545454541,3.802281368821303,26.68213457076567,46.37439891252587,3.4200385509024075e-08,1.0491166498527161e-07,-1.2950783786858524,False,5740403.189207376,0.5127141123866527,3.018867924528301,0.7141549423181706,69.89689705155212,-17.13747645951035,6.11e-06,-10.638297872340418,-1.7261535247117266,,49.0,42.0,,70.0,54.0,
crypto-com-chain,CRO,Cronos,39,0.0605,2997537514,5882877.0,-1.32423,-8.4918,7.783,coingecko,370,2026-10-09,0.06563334933358883,-8.057494703177849,0.06080005981663703,-0.7485422390913432,0.06251304390577234,-3.468233320270997,False,-12.143394907314631,2.143846657873061,8.301650314663567,43.30844002292607,0.001415313277558769,0.002310373494571078,-1.4832397424751789,True,11799162.740203548,0.9611886819884042,-4.481159085412168,-1.3019427926858125,81.39912214691769,-24.70665540729603,0.0696842378459321,-13.402302223731056,-3.384588235659969,,21.0,40.0,,38.0,32.0,
ethena,ENA,Ethena,40,0.220458,2956693042,245325569.0,2.41992,-7.6014,52.1812,binance,370,2026-10-09,0.23754000000000003,-9.446830007577677,0.188598,14.052110838927256,0.116953,83.92003625387979,True,-7.44406196213424,41.420118343195256,168.53932584269666,49.45515127144062,0.012185097789528643,0.019648990120295216,-3.469963891569769,False,54325481.470254436,0.6451238156558,4.114230396902241,0.608045001630475,136.8859795486985,-24.183486238532115,0.2725,-21.06422018348624,35.891683449662224,,66.0,57.0,,49.0,58.0,
okb,OKB,OKB,42,125.94,2644704172,15456343.0,0.31059,4.7066,13.3732,coingecko,370,2026-10-09,122.54465283936959,1.9757054868871915,116.10375480291947,7.632844847720266,91.72996109949614,36.232232927536145,True,3.0812922140030397,9.808948419505082,55.306275279877795,55.75812163494632,4.007067701461423,3.4840964235741376,0.4184916077580195,True,31396249.18562058,2.025542647701475,-5.294354429048298,-2.336113967595049,49.86557161661575,-9.233471736415154,136.4135692161708,-8.391976701838166,4.280513525972052,Volumen 2.0x su promedio de 30 días; Caída diaria de -5.3% (2.3 desviaciones),79.0,78.0,,71.0,76.0,
aave,AAVE,Aave,43,168.52,2600877430,234515323.0,0.76978,-6.5461,37.6821,binance,370,2026-10-09,161.933,3.3452106735501808,141.8022,18.016504680463342,102.61385,63.087146618122205,True,-6.815524249679827,33.01804308083618,70.57384568341656,57.42097834658384,11.024690226038246,11.876563907926164,-0.5090371567899121,True,23943172.556336667,0.801275712180113,0.7101161461154248,0.1534425251067848,84.29335155390785,-15.504204649848063,184.08,-9.088439808778803,27.489608187303148,,84.0,65.0,,80.0,77.0,
pump-fun,PUMP,Pump.fun,44,0.00547044,2533633171,125876676.0,-0.02703,-13.4496,44.3998,binance,370,2026-10-09,0.0052660499999999996,3.7020157423495847,0.00465532,17.3066513150546,0.00254442,114.6265160625997,True,1.4301634472511093,33.52078239608802,292.8776978417266,53.81258587321097,0.0004910060759430708,0.0005057928452954239,-0.27077035986729564,True,37380440.701870196,0.6239313183665095,-1.390393643914778,-0.18006362470537385,152.65653352461516,-33.575664817294815,0.006521,-16.255175586566484,27.992347502554992,,88.0,70.0,,34.0,65.0,
ondo-finance,ONDO,Ondo,46,0.495372,2411847770,141434493.0,2.4815,0.4221,42.7533,binance,370,2026-10-09,0.49334000000000006,-2.2175376008432446,0.41598000000000007,15.967113803548227,0.35385349999999993,36.3276045029935,True,-2.0905216155875816,34.11175979983319,48.79703886489821,54.32959050303111,0.02038505238726962,0.02873979875902901,-1.7319125977942353,False,30656328.81916066,0.7765873354467048,2.529224229543048,0.47951395297221555,128.85807779999456,-22.235576923076916,0.5877,-17.917304747320063,28.583324906300156,,70.0,70.0,,51.0,65.0,
polkadot,DOT,Polkadot,51,1.26,2144847658,178981474.0,2.31286,5.796,11.8841,binance,370,2026-10-09,1.1868500000000002,4.141214138265137,1.05406,17.260876989924668,1.052195,17.468720151682902,True,7.012987012987004,10.06233303650934,44.73067915690867,57.69928699337773,0.032940732520954974,0.045516841134642785,-1.0174845156705348,False,13003208.557995,1.3943784232224703,13.394495412844032,3.2387250307496203,94.48937979000782,-24.157303370786522,1.268,-2.5236593059936974,4.533898142976311,Subida diaria de +13.4% (3.2 desviaciones),69.0,77.0,,62.0,69.0,
worldcoin-wld,WLD,Worldcoin,52,0.554719,2111322057,294040267.0,9.88495,-6.9741,38.5027,binance,370,2026-10-09,0.50819,-0.1948090281194137,0.4414060000000001,14.905551804914264,0.37369699999999995,35.72493223119266,True,-8.875314408911251,22.12858174813388,27.6295923502768,52.2899659496028,0.028469102284906067,0.03495242865547141,-1.2782583538180874,True,45773781.102257654,0.4624531812443159,5.732749635188661,1.0428970593154872,125.17778223346741,-28.363201911588998,0.598,-15.183946488294309,16.60014685460085,,72.0,46.0,,48.0,56.0,
aster-2,ASTER,Aster,53,0.711799,1931071097,61617077.0,1.66516,-1.0112,0.7585,binance,369,2026-10-09,0.72435,-2.8370262994408924,0.7189,-2.1004312143552695,0.6656749999999999,5.727269313103256,True,-2.6151930261519296,-4.244897959183669,13.151125401929264,46.06873526615917,-0.0006630119572164084,0.0035569731226414137,-0.5996000397638281,False,13640106.426787468,0.9703490170073605,0.471092077087798,0.18425512696129057,54.220572298075474,-13.595933926302417,0.787,-10.571791613723002,-9.773332852716699,,53.0,52.0,,79.0,61.0,
mantle,MNT,Mantle,54,0.568729,1877860907,22010479.0,3.13988,-11.5294,-0.3051,coingecko,370,2026-10-09,0.648522304540607,-14.56890017524426,0.591978159397216,-6.408753670566925,0.5644521713466137,-1.8446973007261946,True,-18.65673026913992,-12.958254952472403,29.01760502743056,37.41230346194568,0.002884315825890993,0.019674391166006944,-3.030482149092492,False,34266425.49705916,0.8746172724326183,-4.702939406070261,-1.3772235533823072,78.7236673674915,-20.479554458360383,0.6967261483561209,-20.479554458360383,-18.486689846005433,,33.0,29.0,,55.0,39.0,
sky,SKY,Sky,56,0.077818,1823041148,8212115.0,2.30856,-13.5301,29.176,binance,370,2026-10-09,0.0799585,-4.713069905013234,0.07177019999999999,6.158266244207211,0.0671433,13.473719641423632,True,-12.364849321371075,21.689825906404714,31.47540983606556,48.50315259086186,0.003796112378937247,0.004924601245431205,-1.48115089446641,True,4126854.359453,0.4564194284335397,-0.18341412288745973,-0.04377694159821853,107.23950155295302,-22.056265984654743,0.09775,-22.056265984654743,16.161391012871682,,58.0,40.0,,38.0,46.0,
world-liberty-financial,WLFI,World Liberty Financial,58,0.057066,1813232181,29558381.0,0.00185,4.3161,1.1564,binance,370,2026-10-09,0.05639500000000001,1.2501108254277637,0.05709199999999999,0.014012471099289492,0.063676,-10.32728186443872,False,3.2549728752260254,1.2411347517730542,-2.0583190394511175,52.84047980189058,-0.0004259284953139625,-0.0004162422863570937,-0.016963588365794754,False,6834783.868967667,1.0032063332348857,4.1970802919707895,2.137626825084205,43.081827720219,-13.119999999999997,0.0625,-8.640000000000004,-4.287300141759975,Subida diaria de +4.2% (2.1 desviaciones),30.0,64.0,,74.0,54.0,
internet-computer,ICP,Internet Computer,59,3.13,1745570527,49908860.0,2.33178,-6.2212,12.2863,binance,370,2026-10-09,3.1952499999999997,-4.201549174555974,2.8345800000000003,7.9877794946694,2.50603,22.145385330582634,True,-6.818873668188741,10.068320747932379,35.984007107952024,49.23570011473006,0.11061990850035075,0.16014903540911432,-1.6180701374963598,True,10195951.264090333,0.9231978865092979,5.0806728458633765,1.3887918537891317,87.45883263380155,-18.857938718662957,3.59,-14.735376044568238,4.53988585439935,,63.0,54.0,,63.0,60.0,
morpho,MORPHO,Morpho,60,2.44,1709784169,14410977.0,2.6639,-11.6198,7.0254,binance,370,2026-10-09,2.6199000000000003,-8.813313485247553,2.49974,-4.430060726315544,2.06078,15.926979104999074,True,-6.970404984423684,3.464703334776953,15.132530120481903,43.26135272286129,0.01719630161776564,0.054016529475100286,-1.54124017820572,True,5083114.835684,0.486995336139577,1.4868309260832602,0.3202161350068687,85.9010725764051,-28.26161790017211,2.905,-17.762478485370046,-2.0637315587560767,,50.0,34.0,,41.0,42.0,
pepe,PEPE,Pepe,61,4.03e-06,1696755742,104283170.0,2.06267,-6.4625,22.0418,binance,370,2026-10-09,4.323000000000001e-06,-8.39694656488551,3.9192e-06,1.041028781383968,3.38285e-06,17.061057983652827,True,-6.823529411764695,13.793103448275868,46.12546125461257,46.56011480325593,6.769947631437332e-08,1.4990555234129587e-07,-2.0759110107808723,False,38995389.31221013,0.4738174565637071,3.394255874673635,0.6433838633182518,106.73801913840364,-23.246492985971944,4.99e-06,-20.641282565130247,8.264668554742837,,51.0,43.0,,56.0,50.0,
htx-dao,HTX,HTX DAO,65,1.69e-06,1519310062,13415121.0,0.43456,-1.3533,0.1762,coingecko,370,2026-10-09,1.712050087260187e-06,-2.07183480150549,1.6991726787187318e-06,-1.3296730384485311,1.7782940080264946e-06,-5.719794917728471,False,-1.5807649939380553,-1.0191940769419316,-8.973429089493635,42.10012300467016,-8.641772110791617e-10,1.6500216906548619e-09,-0.14996004036966545,True,41658193.81279308,1.8207086079151606,-1.7172825380096013,-1.5000750305146902,20.887010018282336,-13.570801886883,1.8540014653460103e-06,-9.569691876148168,-6.547628970474961,,29.0,58.0,,69.0,51.0,
bitget-token,BGB,Bitget Token,66,1.94,1360722850,7704539.0,-0.1627,-2.736,0.1607,coingecko,370,2026-10-09,2.008129021747476,-3.6411467636079164,1.9671433637985565,-1.6334989877636819,1.8693582501861468,3.5119991938603823,True,-2.7091863583184383,-3.1660121081613757,15.973982173969281,43.47907281804476,0.004179010351259338,0.015242404850995737,-0.5717486703388208,False,14591947.894538458,0.9460178500668831,-1.0018186782901228,-0.5028679185901068,44.54025668669366,-11.25110951976428,2.180320324448418,-11.25110951976428,-8.694447001694405,,53.0,50.0,,66.0,56.0,
ethereum-classic,ETC,Ethereum Classic,67,8.4,1333369990,56610231.0,0.5138,-4.8866,8.8823,binance,370,2026-10-09,8.955000000000002,-6.420993858179802,8.2056,2.125377790777039,7.836149999999999,6.94027041340457,True,-5.096262740656843,4.488778054862852,20.402298850574716,46.978443095747366,0.09935419759812447,0.2520623676181104,-1.8222931983291877,False,5286846.231280001,0.4239619593319113,4.09937888198757,1.0749271756932468,73.60381316686002,-16.589327146171684,9.59,-12.617309697601664,-1.0396568386701777,,49.0,39.0,,72.0,53.0,
arbitrum,ARB,Arbitrum,70,0.189278,1284453881,114478310.0,3.90149,-5.9796,28.8593,binance,370,2026-10-09,0.20725000000000002,-11.845597104945726,0.163108,12.011673247173649,0.11373099999999998,60.6422171615479,True,-6.738131699846861,22.207357859531783,92.31578947368422,47.44060523554927,0.005053898995558248,0.011898858150354132,-3.7465567349731166,False,30509735.52944667,0.3234086454245627,5.790387955993048,0.7833555946261054,136.37102906983952,-29.741151611199147,0.2353,-22.354441138971527,16.678922965998755,,63.0,44.0,,38.0,49.0,
jupiter-exchange-solana,JUP,Jupiter,71,0.357997,1187108588,78272531.0,-4.41131,8.6118,57.1741,binance,370,2026-10-09,0.33044,13.454787555985948,0.269884,38.91153236205185,0.209619,78.84829142396444,True,18.789607097591897,60.6943849121303,85.04442250740377,66.20692052927112,0.025702260630950546,0.0256105189349747,0.02447097785432002,True,6266404.912159334,1.4183072585980405,11.544183278786079,2.1581751326996885,117.5352787618119,-21.617700398984407,0.3749,0.0,55.16595001859728,Subida diaria de +11.5% (2.2 desviaciones),91.0,88.0,,53.0,78.0,
kaspa,KAS,Kaspa,73,0.04082099,1132801576,6251807.0,-1.34303,-4.756,12.733,coingecko,370,2026-10-09,0.04233170955902911,-7.441405492016651,0.03571748503224832,9.69875220403389,0.032490823188121846,20.59292918550366,True,-5.380782714701448,10.560922363827775,33.01473559643171,47.763228463439674,0.0016132189543919123,0.002405607119122984,-2.0223458175268174,False,19047280.40207574,0.8592367768376596,-3.3506338999844565,-0.8634468603847841,98.56621039090038,-18.036940770928233,0.047804017770412245,-18.036940770928233,5.032487470294744,,60.0,56.0,,44.0,54.0,
just,JST,JUST,74,0.137144,1123101980,38382338.0,-3.86057,-1.1923,32.1176,binance,370,2026-10-09,0.1285435,11.121915927293081,0.1152766,23.91066356918923,0.0941663,51.689086222990596,True,7.763108261033569,35.30359003504784,40.70133963750984,71.07548678009252,0.007948427767265343,0.007095958768394326,0.5967999151995357,False,3868135.3908311,0.8425784392194537,2.0504393798671083,0.9078233005527777,48.378999898635016,-12.502308402585404,0.14284,0.0,29.77515514151481,,88.0,75.0,,75.0,80.0,
venice-token,VVV,Venice Token,75,22.69,1096662834,30842442.0,2.81054,-18.9182,-5.9847,coingecko,370,2026-10-09,28.421410552038918,-19.824445324129748,23.055367109413687,-1.1639092595519873,14.858760294753216,53.3575016002503,True,-13.159545749895862,-11.96737838209031,104.09996704411628,41.07579462592621,0.6975423433519516,1.626469596682711,-4.076562483095382,False,65920805.49206252,1.8509903607578104,-10.851508530539821,-1.6129197219001956,136.1940840216547,-28.738540474471897,31.97664447027006,-28.738540474471897,-17.49581327562334,,51.0,40.0,,28.0,41.0,
polygon-ecosystem-token,POL,POL (ex-MATIC),76,0.101582,1079239032,70950999.0,1.48066,-7.4659,9.0212,binance,370,2026-10-09,0.11011850000000001,-8.362355099279418,0.10416379999999999,-3.123733965158715,0.08917009999999999,13.16573604829423,True,-5.902648265572552,2.9588817467605333,26.85103708359522,44.165519907551094,0.00029804938122313107,0.0024261117328138655,-2.1088716198500985,False,9570582.4138054,1.4996460876296085,2.6864760354126327,0.6582003494516507,80.43540225504432,-26.397388820889432,0.12255,-17.658098735210125,-2.5695531467724964,,44.0,53.0,,57.0,51.0,
algorand,ALGO,Algorand,77,0.117884,1069125368,56571126.0,2.95649,-10.0273,26.5375,binance,370,2026-10-09,0.120305,-4.7421137941066505,0.10380799999999998,10.39611590628855,0.099506,15.168934536610855,True,-9.905660377358505,15.874620829120323,35.943060498220625,49.59985108203719,0.005385600708709581,0.007346862060516369,-1.7113973401455387,True,5972958.047453334,1.1968012712474774,-2.385008517887577,-0.6195684002290098,95.33149737383059,-15.735294117647069,0.136,-15.735294117647069,10.346185935587293,,60.0,56.0,,66.0,61.0,
cosmos,ATOM,Cosmos Hub,79,1.95,1045896953,141005238.0,-5.33026,14.0046,8.7588,binance,370,2026-10-09,1.7818,15.95016275676282,1.6630800000000001,24.227337229718326,1.7048149999999997,21.186169760355234,False,24.984875983061094,11.25471190091545,30.676786843769754,68.09701606269132,0.05149134540684308,0.039378445228877214,0.5862972012568184,True,3773775.3517526663,6.133141561076403,17.253121452894437,4.872956305434582,96.96070556964656,-21.93877551020409,2.066,0.0,5.726277007382419,Volumen 6.1x su promedio de 30 días; Subida diaria de +17.3% (4.9 desviaciones),57.0,81.0,,64.0,66.0,
render-token,RENDER,Render,80,1.93,999145891,44192423.0,1.62569,-2.2214,36.4071,binance,370,2026-10-09,1.9308,-1.5951937020924012,1.64672,15.380878352118144,1.678845,13.173044563375424,False,-3.7487335359675855,29.51601908657122,23.056994818652843,53.67779738809591,0.10109138897719183,0.12190695203635663,-1.0955559504823575,True,6689041.570862667,0.8487756981614617,3.93873085339167,1.1164331975850434,89.67640643480024,-18.24104234527688,2.141,-11.256422232601594,23.98758419303819,,40.0,68.0,,61.0,55.0,
aerodrome-finance,AERO,Aerodrome Finance,82,0.944638,950142791,100087253.0,17.82941,12.9602,71.8018,binance,85,2026-10-09,0.790125,1.3383958234456594,0.637446,25.610639960090744,,,,1.0474507824331125,44.608994040093904,,57.21431068976987,0.05593453119309855,0.06590074681704386,-1.2446878511234312,True,5561082.006748,0.9127531696369054,-3.6578029118036315,-0.7313238298711363,108.53848111338034,-14.983818770226542,0.8778,-8.783321941216682,39.08055914656088,,69.0,79.0,,67.0,71.0,
filecoin,FIL,Filecoin,84,1.12,935704226,171850662.0,3.52591,5.2875,41.5322,binance,370,2026-10-09,1.0557050000000001,2.718088860050849,0.8981599999999998,20.73572637392005,0.8551620000000001,26.80638288417867,True,4.925012094823411,32.211655693733235,40.64850843060961,56.674490535345136,0.056325862256376036,0.06378703919500595,-0.688046563872179,True,18208408.891901,0.48289590047431186,1.4311102796745079,0.2865091985227421,126.5386555756053,-19.898605830164772,1.1846,-8.458551409758574,26.683220800200203,,77.0,68.0,,57.0,68.0,
lighter,LIT,Lighter,85,3.64,908868716,59477557.0,0.25463,1.4487,-20.3449,coingecko,284,2026-10-09,4.302867625862914,-16.260842916505315,4.121821081027421,-12.582690769827387,2.197868416939524,63.939981690693216,True,-5.356274638183722,-25.361704613094936,34.174318111160204,39.87350186210497,-0.173672212223269,-0.06123900180781536,-3.120383991087893,False,102017400.01171182,1.7122388413668215,0.8559928591589827,0.14320131047116103,107.89126569913121,-33.152331486793315,5.315233417473329,-32.21021924510309,-30.890139506627968,,49.0,48.0,,41.0,46.0,
midnight-3,NIGHT,Midnight,87,0.04999101,830851999,41980634.0,10.58517,4.4866,137.7095,binance,213,2026-10-09,0.035778,26.278718765721965,0.026869199999999996,68.14791657362336,0.0302976,49.12072243346006,False,-7.701736465781417,96.34941329856584,48.08259587020649,65.5797913327201,0.0065889174885544605,0.005847905224840039,1.640133385822092,False,4680232.179809333,0.5925036643893532,1.0512189666741278,0.13562918706365676,163.26956711873723,-44.21880117916803,0.05209,-13.265502015741982,90.8209784050328,,67.0,61.0,,20.0,50.0,
pancakeswap-token,CAKE,PancakeSwap,88,2.26,807919629,58530348.0,3.12124,-10.0801,6.4991,binance,370,2026-10-09,2.53225,-13.278704709250654,2.23354,-1.680739991224689,1.6296300000000001,34.75451482851937,True,-11.948676824378513,-1.92050022331397,53.99719495091166,39.52538644578734,-0.00024422123182787914,0.07564915792853084,-3.4559826575755332,False,7829719.625876,0.5756656345859533,2.092050209205043,0.6178274570216514,75.06437121939156,-24.01978099611445,2.831,-22.430236665489222,-7.448935116847,,49.0,28.0,,61.0,46.0,
layerzero,ZRO,LayerZero,89,1.99,795131806,51101872.0,1.63903,-1.2178,92.5504,binance,370,2026-10-09,1.7288000000000001,13.315594632114758,1.3364599999999998,46.5812669290514,1.24464,57.394909371384514,True,12.199312714776633,81.55699721964784,113.86462882096069,63.64013638100576,0.24100940938060256,0.22601294540003747,0.7655162828261913,False,14033608.201465666,1.176878452046644,-0.3053435114503844,-0.05524227273332642,120.03620295340522,-19.55056179775282,2.253,-13.049267643142482,76.02856232611481,,91.0,87.0,,51.0,78.0,
injective-protocol,INJ,Injective,92,7.59,758705713,114064751.0,9.36739,-0.8002,27.0173,binance,370,2026-10-09,7.634099999999999,-9.10519904114433,6.399260000000001,8.434412728971786,4.9465,40.281006772465375,True,-6.871560864313508,13.10513447432764,40.6934306569343,47.43837892552564,0.2342784083756717,0.39899990115356976,-2.3738505948681086,False,14613615.218462668,0.5073841292018101,2.693503033890776,0.513307787480888,123.24277894712907,-23.672400897531787,8.187,-15.243679003297906,7.57669958079461,,62.0,44.0,,49.0,53.0,
starknet,STRK,Starknet,93,0.102138,757510889,603533140.0,40.43676,100.9584,262.1699,binance,370,2026-10-09,0.047145000000000006,55.053558171598226,0.0362238,101.80102584488648,0.03446355,112.10815484765786,True,70.1186874563649,133.84516954574534,139.67213114754097,76.63795694746568,0.006840005269207562,0.0051097795112201696,2.3669299014875413,False,8746813.133685466,6.694309060840968,31.545798092495936,3.9740239687182255,251.55337534882588,-28.026905829596416,0.0731,0.0,128.31673465221232,Volumen 6.7x su promedio de 30 días; Subida diaria de +31.5% (4.0 desviaciones),98.0,89.0,,43.0,78.0,
aptos,APT,Aptos,94,0.863813,752944917,95869736.0,6.31228,7.1918,34.0893,binance,370,2026-10-09,0.803445,1.40084262146134,0.681638,19.52091872812256,0.7513295,8.434448534231652,False,2.645835958170606,29.93620414673046,30.560897435897427,56.72931992682358,0.03140265134874043,0.0417474138651816,-1.2697634118621786,False,12247210.922928166,1.4278756970994457,10.587756210126242,2.3408367363765272,122.49199957180208,-20.061728395061728,0.8724,-6.613938560293442,24.40776925319743,Subida diaria de +10.6% (2.3 desviaciones),40.0,82.0,,53.0,57.0,
blockstack,STX,Stacks,95,0.400965,750902594,35535977.0,2.47474,4.2123,53.5912,binance,370,2026-10-09,0.353685,11.822667062499104,0.295462,33.858161117165665,0.2201055,79.68655939992414,True,7.44362944851944,44.29040496169281,130.3436225975539,67.66655122856537,0.029991199408413827,0.029708599906744897,0.07145372987836411,False,3049899.644341667,1.0919833589766816,3.5340314136125706,0.5888869158522492,115.21866463119686,-29.161747343565526,0.3955,0.0,38.761970068159776,,91.0,81.0,,36.0,71.0,
stable-2,STABLE,​​Stable,96,0.02736471,741446537,10485863.0,6.23087,2.3571,-7.954,coingecko,306,2026-10-09,0.026846455836706973,-2.988778801505265,0.027611040949452822,-5.675143855015985,0.03179530217188852,-18.088293311674853,False,-8.197839912163907,-9.498253027440008,-25.900519303624016,43.83070014362987,-0.0001468903491185676,-0.00014342590538830424,-0.013302233909487772,True,9407634.6121126,0.9484078101056347,-2.5514336194833787,-0.7577977378392595,74.47776144947494,-40.495140964632355,0.03961329538412859,-34.254208332945744,-15.026687920973036,,25.0,39.0,,35.0,32.0,
xdce-crowd-sale,XDC,XDC Network,98,0.03489329,695538984,7353123.0,-1.14315,6.2324,23.7319,coingecko,370,2026-10-09,0.03191505964157273,0.2370079029805794,0.029663776408583892,7.844329779626369,0.029610403923503687,8.038718207998308,True,-6.674171925806904,11.062533016036946,17.282212293763855,52.97825332926424,0.0010789530960404123,0.0012387365849317556,-0.4994685474843222,True,12011738.091707269,1.1768209610269058,-1.1182910538241164,-0.43941004896064084,68.27823681917077,-11.509723932553651,0.034673494343063604,-7.73730348996704,5.5340981225039165,,64.0,61.0,,62.0,63.0,
vechain,VET,VeChain,99,0.00786262,675872346,6184856.0,0.22,-10.1213,1.7467,binance,370,2026-10-09,0.0087759,-10.482115794391456,0.00769686,2.0675963964525756,0.0062796549999999994,25.102414065740895,True,-8.245736977341744,5.167336010709511,59.25400364889519,44.42799515509541,0.00010287984790245328,0.00032947640888978866,-2.8843757763153692,False,2256283.4074125597,0.81706253949259,3.9841164791528882,0.9328106945495585,87.84588926025363,-20.67408651826963,0.009524,-17.513649727005454,-0.36109888282351843,,52.0,42.0,,42.0,46.0,
ether-fi,ETHFI,Ether.fi,100,0.687068,663090867,32849035.0,2.42574,-5.544,2.0679,binance,370,2026-10-09,0.72035,-6.753661414590139,0.650626,3.239034406863528,0.469123,43.18206525793873,True,-3.809251038235728,8.583899127061102,62.246376811594196,46.944430882875054,0.01878012290786979,0.030275959635991025,-1.7114540312820063,False,8070084.019371,0.7381474876917445,-1.1769898484625618,-0.21880399151041718,114.46573378843559,-22.933794893985283,0.7853,-14.465809244874572,3.0554642335280713,,64.0,53.0,,44.0,54.0,
dash,DASH,Dash,101,51.1,657003539,40747740.0,-0.01943,-13.4277,-8.4363,binance,370,2026-10-09,59.956500000000005,-14.538040079057325,54.5116,-6.001658362623729,40.7804,25.648595894105995,True,-12.975543478260864,-12.529873677022874,50.838975566676496,41.13621195941884,-0.5911229074527142,1.2504873412084758,-3.59408713634112,False,18080519.00869533,0.24289012201685087,1.3048635824436605,0.21342669549317717,115.6899660586126,-29.59354120267261,71.84,-28.674832962138087,-18.0583085705559,,44.0,17.0,,36.0,33.0,
raydium,RAY,Raydium,102,2.38,643262882,43896825.0,3.95029,14.1253,67.8668,binance,370,2026-10-09,2.047815,11.582345084883162,1.473476,55.075481378726224,0.870669,162.44186941306054,True,18.61503322259137,83.7259789338265,234.89667301773414,65.05814806802451,0.23065988821753636,0.22839305520790806,0.09920494571677436,True,12012260.430491665,0.7844598719413802,-1.5001293214932154,-0.2178367632655181,154.73815845293072,-26.195899772209565,2.4678,-7.407407407407396,78.19754404029347,,95.0,81.0,,32.0,71.0,
pyth-network,PYTH,Pyth Network,105,0.078587,618872319,27734538.0,-2.48716,1.0081,51.6901,binance,370,2026-10-09,0.07498,7.148572952787391,0.061730600000000004,30.14615117947985,0.0472674,69.96915421622512,True,1.9155143980718048,54.05560882070948,71.59333618111916,63.196439586126154,0.005360575421642824,0.0058914970110174915,-0.6608434022587345,False,4215291.795605,2.0145772795190755,-1.1686554311723496,-0.28298524052149826,92.55114479618487,-24.514466904478795,0.08347,-3.7498502455972305,48.52717392717645,Volumen 2.0x su promedio de 30 días,85.0,88.0,,47.0,74.0,
celestia,TIA,Celestia,108,0.59872,586279577,159955310.0,26.50443,26.9344,59.4479,binance,370,2026-10-09,0.469965,0.6245145915121375,0.40862199999999993,15.730430569083431,0.372109,27.086418226917374,True,5.723228258439539,24.120734908136487,16.851989127748944,54.92339420140243,0.021886117173642528,0.02327142710086735,-0.29293929524737206,False,6549614.803148032,1.738029642379675,-5.6652702972272095,-1.0975587513207619,123.77517097646216,-28.26295585412668,0.5207,-9.179950067217224,18.59230001460346,,78.0,83.0,,46.0,70.0,
curve-dao-token,CRV,Curve DAO,110,0.356668,561076434,47725761.0,-0.67854,-6.3982,5.7492,binance,370,2026-10-09,0.364055,-1.3061213278213524,0.34970199999999996,2.744622564354815,0.2541865,41.3529042651754,True,-2.786796536796532,0.9836987071388359,72.49159865578491,50.4947653895269,0.006210547220108331,0.009711234828390806,-0.9743077117401824,True,5235112.909085333,1.3785836457557787,6.998213222156058,1.4402143190262033,91.41852921786679,-16.26994506931728,0.3946,-8.94576786619361,-4.544736186394194,,69.0,60.0,,65.0,65.0,
bianrensheng,币安人生,币安人生 (BinanceLife),111,0.559325,559324885,12570476.0,-0.36942,12.0348,19.8256,binance,276,2026-10-09,0.50437,10.276186133195875,0.501754,10.851134221152204,0.49177,13.101653211867337,True,13.002844372206424,14.869888475836435,-19.250871080139365,63.84593169946386,0.0043714518875968,0.0004663944860506666,0.7020959010331056,True,2080144.5388159996,1.9534661816879824,7.769812051927927,1.7653756762641513,58.32497733921428,-42.74343327142478,0.7538,-26.213849827540457,9.341453582303405,,72.0,83.0,,38.0,65.0,
derive,DRV,Derive,113,0.533952,533765943,23062843.0,5.78865,40.1274,256.0568,coingecko,370,2026-10-09,0.4135836132360603,6.591459964403357,0.26200842710483957,68.25596657066653,0.13687680786044853,222.07414712016606,True,11.439155542167345,168.90062159671015,275.853278638555,63.17992932503693,0.042019844093499625,0.050344405404020055,-1.888320128297091,False,31740481.42038917,1.7390831828500863,17.650041193695067,1.3945148497573356,348.21637100678777,-40.37094637917023,0.4896710203739547,-9.9712269708791,163.37218670317714,,82.0,93.0,,14.0,65.0,
official-trump,TRUMP,Official Trump,114,1.89,533669063,89849403.0,0.72171,-7.53,-4.9338,binance,370,2026-10-09,2.0467500000000003,-7.853914742885082,2.15362,-12.426519070216669,2.09,-9.760765550239237,True,-10.827423167848716,-7.047806801379997,18.990536277602523,41.80824540542857,-0.04329653202550965,-0.018722290272696,-1.3029820653665773,False,20971066.21799757,0.40056333815253675,3.5126234906695863,0.5840436627398237,78.3890142416232,-33.406432748538016,2.736,-31.06725146198831,-12.576241694913026,,41.0,22.0,,52.0,38.0,
fetch-ai,FET,Artificial Superintelligence Alliance,116,0.224673,519332875,134326102.0,4.21181,-0.7889,36.1856,binance,370,2026-10-09,0.22554,-3.7864680322780897,0.18883,14.918180373881263,0.19218949999999999,12.909394113622241,False,-0.9584664536741228,27.87271655863288,36.73597983616887,51.35270820192794,0.012446574695915258,0.016046968408002828,-1.6591676092569445,True,20015018.888649333,0.6718792689551883,0.5560704355885182,0.10434387213989466,129.87732285918102,-25.184729064039402,0.2546,-14.768263943440685,22.344281665099853,,36.0,66.0,,46.0,48.0,
pudgy-penguins,PENGU,Pudgy Penguins,117,0.00822056,516747716,129544796.0,0.77836,-10.4282,10.6633,binance,370,2026-10-09,0.00932505,-11.957576634977817,0.008725420000000001,-5.90710819651089,0.0075918750000000005,8.141928048077718,True,-8.031813599193448,6.914962885792431,35.657633840052874,43.751955911409055,5.9568721839296096e-05,0.000278778509307552,-2.670033952110303,False,14904381.527350368,0.4279060469046375,3.452620967741926,0.6524858113940463,104.61592478848252,-30.75679498838032,0.010286,-20.18277270075831,1.386527992259401,,37.0,33.0,,49.0,40.0,
virtual-protocol,VIRTUAL,Virtuals Protocol,121,0.738584,486273200,45151760.0,1.98903,-6.9656,16.7499,binance,370,2026-10-09,0.7745599999999999,-6.062796942780402,0.7176739999999999,1.3830792253864743,0.665424,9.343816874654355,True,-4.313519200420823,10.259130171238073,22.718839601956486,47.52314775028771,0.0201435688209467,0.03141650714077353,-1.549331819657343,True,6864820.855367,0.7024093718847985,2.913719943422932,0.6541635925387449,92.04985790359723,-26.247479838709666,0.8577,-15.168473825346862,4.730695277705044,,52.0,53.0,,49.0,52.0,
grass,GRASS,Grass,124,0.66914,468058236,17798682.0,4.47864,-7.7402,91.9138,coingecko,370,2026-10-09,0.5877348707329365,3.2133983545480582,0.43902267527708977,38.17535347469332,0.3894400845849387,55.76751274710319,True,-13.068462577076279,82.83160645845007,57.650528769594686,54.95382303678909,0.07744830300967209,0.08403774089293571,-1.0862526081725619,True,36551377.46468313,1.2324231031192698,-7.513498768523541,-1.1418407365911707,162.1573389756282,-29.26992795015294,0.765039106837644,-20.707173270436428,77.30317156491704,,81.0,67.0,,22.0,58.0,
sei-network,SEI,Sei,125,0.068552,461584669,46202958.0,3.75342,-4.0268,53.3021,binance,370,2026-10-09,0.068897,-3.754880473750677,0.0554826,19.514947028437724,0.053862499999999994,23.109770248317485,True,-4.273134112891586,40.012668918918905,35.21615008156604,53.252931866699264,0.004367584176171627,0.005728028008067233,-2.051642032718454,True,8729714.053952599,0.4997670664420699,0.30252609287548804,0.07282642153578123,112.12546580703895,-20.465787304204454,0.07903,-16.09515373908643,34.484234025385874,,66.0,61.0,,51.0,60.0,
plasma,XPL,Plasma,127,0.087493,396632874,23214108.0,3.46419,-7.964,3.3064,binance,370,2026-10-09,0.0964135,-12.15960420480534,0.0918808,-7.826227024579668,0.09277059999999998,-8.710302617424038,False,-9.286632390745497,-5.066696558681761,-6.790666960158475,41.47710614398085,-0.0011097555490394706,0.0009974610086081021,-2.4881527425287193,False,15970213.385845996,0.2774667270421863,1.074113856068748,0.19947307262674577,118.07121770723717,-26.92944972529868,0.11467,-26.14458882009243,-10.59513145221479,,8.0,22.0,,35.0,21.0,
pendle,PENDLE,Pendle,129,2.19,380672049,42142292.0,3.56557,-8.3701,9.2683,binance,370,2026-10-09,2.4261500000000003,-12.618758114708495,2.1688600000000005,-2.2527963999520617,1.61673,31.12888361074515,True,-9.825606125053167,5.8412381427858096,38.56209150326797,40.95922352583879,0.0030054104532424297,0.0657417125220569,-2.9592595315478523,False,5533782.597176666,0.5211009550630417,1.9230769230769162,0.45116897660104827,96.00317377083502,-23.33210468116477,2.713,-21.857722078879473,0.3128032492527799,,48.0,32.0,,50.0,44.0,
kaia,KAIA,Kaia,130,0.056377,363126356,52352014.0,-9.99728,51.103,95.9959,binance,370,2026-10-09,0.036719999999999996,64.760348583878,0.032748,84.74410651032125,0.0380495,59.0034034612807,False,66.66666666666667,101.66666666666666,74.85549132947978,85.25521864830058,0.0038321162917692372,0.0022900569823551,2.5488583626679957,False,786741.2327260002,40.92648791442439,63.51351351351351,16.23066142006625,229.43582508680024,-36.494252873563205,0.0605,0.0,96.13823177313363,Volumen 40.9x su promedio de 30 días; Subida diaria de +63.5% (16.2 desviaciones),70.0,83.0,,24.0,60.0,
bittorrent,BTT,BitTorrent,133,3.66245e-07,361497567,10227515.0,0.49697,-2.2553,16.3367,coingecko,370,2026-10-09,3.6693267980424285e-07,-1.620628335990959,3.2941912304382267e-07,9.582607556545009,3.022189910179741e-07,19.44519555352995,True,-3.355692807428501,18.142599127426507,35.19189721161311,54.73669058824409,1.1919527293958068e-08,1.536426388430618e-08,-0.9542574980153706,False,11826596.963373045,1.05490324043674,-1.1290239834227278,-0.5690354685912379,51.382044722595325,-6.6208337576669996,3.794935923921992e-07,-4.876901202523531,12.614164233893476,,67.0,70.0,,69.0,68.0,
lido-dao,LDO,Lido DAO,134,0.431693,358118868,48022611.0,2.75636,-6.8393,17.1101,binance,370,2026-10-09,0.44905999999999996,-6.070458290651571,0.40376999999999996,4.465413477970137,0.345996,21.90892380258731,True,-3.852290859357188,12.871287128712883,36.19631901840492,48.16874148968711,0.01244521424043149,0.01947224241741983,-1.6659621092907393,False,5005364.3994805,0.995326014895753,3.994082840236679,0.8106666066436908,116.60577501436642,-29.78936810431293,0.4943,-14.667206150111268,7.342852235179853,,60.0,62.0,,38.0,53.0,
unibase,UB,Unibase,135,0.139328,348320583,10097651.0,-1.57276,3.3033,11.3057,coingecko,370,2026-10-09,0.14226335836842618,0.1460012266317312,0.13291958561804992,7.185907896288679,0.10924124044018814,30.41875398210756,True,-1.706184660253729,15.642653898614856,92.69108499120445,52.964376996150534,0.0016780868093057288,0.0025421277388952383,-0.6064676584779872,False,12154520.214250375,1.1044696912440501,1.6232135724393082,0.19576264615574654,123.17275231581432,-38.81455450393019,0.18486295992953677,-22.931524697540006,10.114219005081825,,72.0,70.0,,18.0,55.0,
tezos,XTZ,Tezos,139,0.299024,328474984,6239735.0,1.10586,-5.5702,12.6113,binance,370,2026-10-09,0.324105,-7.869363323614264,0.276716,7.9084693331791245,0.284091,5.107166365706761,False,-5.416534684827368,13.234736442927563,29.208135006490686,47.692656711941645,0.008251498837816673,0.014731302238340505,-2.170061420135242,False,2091006.0860466668,0.3439893320252857,3.2860601867865658,0.7385036570485958,125.51341161452017,-21.24761645328247,0.3671,-18.65976573140834,7.706301549394534,,25.0,43.0,,29.0,32.0,
sun-token,SUN,Sun Token,141,0.01687416,324358229,14912349.0,0.11034,-1.549,-0.022,binance,370,2026-10-09,0.017124,-1.5416958654519974,0.0169884,-0.7558098467189467,0.017879700000000002,-5.703115824091021,False,-1.1143695014662724,0.05934718100890635,-8.469055374592827,44.82756442582579,-2.2916532080873714e-05,1.2150001289747218e-05,-0.2079865561721289,True,641614.4999983333,0.7576078900356253,0.7168458781361853,0.6321087956410782,20.783642808675843,-13.9871382636656,0.01866,-9.646302250803851,-5.469087712524123,,29.0,50.0,,70.0,48.0,
conflux-token,CFX,Conflux,143,0.061235,321254825,87102522.0,21.45891,12.758,33.1459,binance,370,2026-10-09,0.0538585,-5.8273067389548405,0.05012540000000001,1.1862249478308273,0.050643650000000005,0.15075927584207172,False,-4.428113811946477,4.598886368323374,15.561631351105042,45.93163871801789,0.0006315047786603356,0.0013603222682795027,-1.43694300003779,False,1327010.169668,0.632794299971407,1.6636600521146683,0.5222385560250832,62.58406981475133,-19.004043413492234,0.05648,-10.198300283286121,-0.9295485252096558,,25.0,46.0,,73.0,47.0,
optimism,OP,Optimism,145,0.13842,318313271,152531759.0,5.77206,2.6119,45.3358,binance,370,2026-10-09,0.13222,0.21176826501285717,0.11357800000000001,16.659916533131415,0.11074049999999999,19.64908953815452,True,4.166666666666674,33.16582914572865,30.029440628066737,55.00130197678649,0.004420792006397542,0.0065045470781124855,-1.5726453371433535,False,7951621.347548932,1.0847141089674384,11.344537815126055,2.3297245189400653,126.1107307366655,-22.905525846702325,0.1494,-11.311914323962514,27.637394252195623,Subida diaria de +11.3% (2.3 desviaciones),66.0,81.0,,52.0,66.0,
ape-and-pepe,APEPE,Ape and Pepe,149,1.45e-06,304970573,16327579.0,0.29005,13.9065,0.8391,coingecko,370,2026-10-09,1.2835304531526037e-06,8.886414210252692,1.231635161154429e-06,13.474373728052402,1.1455401515301655e-06,22.002732411223967,True,9.32060202475955,17.602530141200322,52.07963939562508,64.97910105441636,3.1299847966434096e-08,2.9994686540388754e-08,0.09338655537087105,True,13564625.891427733,1.5743273241071816,10.77282922315752,2.9970966445205462,93.8475719475282,-22.00998790854276,1.5440472692530397e-06,-9.48526553784934,12.074095247667294,Subida diaria de +10.8% (3.0 desviaciones),77.0,81.0,,47.0,69.0,
kite-2,KITE,Kite,150,0.127317,304440716,10651716.0,6.09553,-15.9817,16.8839,binance,341,2026-10-09,0.137555,-12.32597869942933,0.12556,-3.950302644154191,0.14327,-15.82327074753962,False,-19.006044325050375,5.882352941176472,4.596704249783179,42.071323391354404,0.00296976758976758,0.006018834079425424,-2.5282475038622256,True,2359428.607324667,0.6408339218343395,-3.1325301204819245,-0.6074768013535983,110.73122587518807,-29.429892141756543,0.1536,-21.48437499999999,0.35391804764344226,,8.0,33.0,,29.0,22.0,
bonk,BONK,Bonk,153,3.39e-06,298639489,21321127.0,0.45272,-10.7531,26.3765,binance,370,2026-10-09,3.6095e-06,-5.527081313201276,3.2315999999999997e-06,5.520485208565429,4.4116499999999995e-06,-22.70465698774834,False,-6.060606060606066,18.402777777777768,-14.321608040201006,48.98451406301021,1.0747388862896259e-07,1.689322530776635e-07,-1.8022980776745139,True,5107441.025303313,0.2706797507675303,4.601226993865026,0.8665434918869958,99.66541390596468,-43.6868686868687,3.96e-06,-13.888888888888895,12.874342884244738,,21.0,43.0,,30.0,31.0,
monad,MON,Monad,154,0.02518351,297799164,17364538.0,3.22709,-25.366,7.3759,coingecko,320,2026-10-09,0.028132634679101244,-14.77696308243729,0.026810963065609605,-10.575813409676304,0.025354301533157524,-5.438193171682726,True,-28.838211858196605,-6.472562367956325,4.297063198484241,41.0427094321684,0.0007978493733034435,0.0013717761005333118,-2.393806473347784,True,64862707.90450905,0.7877401206068488,-5.756433389543892,-1.0908832181219204,121.35766913123915,-31.363876391779012,0.03387624213335808,-29.226253773748013,-12.000997261489355,,34.0,29.0,,27.0,30.0,
the-graph,GRT,The Graph,156,0.02689258,294240307,9058731.0,-1.17587,-3.8833,50.0934,binance,370,2026-10-09,0.0278675,-2.0723064501659727,0.021858000000000002,24.851313020404397,0.02119235,28.772882667566368,True,-4.513645906228136,45.39158231220033,55.67598402738161,54.44103791954474,0.0018265842584091717,0.0024376354078307475,-2.2391027827833487,False,1913586.9078963336,0.39803211709748093,5.001923816852627,0.9379123652721598,145.4273286824243,-27.745343341673625,0.03597,-24.131220461495694,39.863147418667296,,67.0,57.0,,20.0,49.0,
jito-governance-token,JTO,Jito,157,0.549782,291836874,29414708.0,6.4837,-2.8458,33.5916,binance,370,2026-10-09,0.53983,-4.062390011670336,0.499286,3.7281237607303286,0.507078,2.1341884286046664,False,-0.23116933153534136,22.812425895186152,-13.59693026359693,48.957478346351266,0.012439754033752748,0.017760075909093852,-1.0272874831707095,True,3598490.656856333,0.8238625974591108,2.778329033538407,0.5121487982767787,121.80247757349063,-37.86646201074444,0.6515,-20.506523407521094,17.28399100165312,,29.0,68.0,,27.0,41.0,
backpack,BP,Backpack,158,1.14,283993251,6151651.0,-4.04592,-8.9772,103.4546,coingecko,201,2026-10-09,1.115409994899848,1.0669508839538988,0.7293152719213748,54.57113200581294,0.41097386923897405,174.30232335395283,True,-11.103767745291403,96.78588283906949,98.65711597437239,56.795093727649466,0.13883850557122157,0.1684809629379079,-2.6294838549708452,True,12276885.62586501,0.9739398712165348,3.129123310335302,0.38460860998660457,213.66937250069333,-39.806866403971874,1.3498691201423716,-16.48739460154154,91.25744794553646,,76.0,68.0,,6.0,52.0,
terra-luna,LUNC,Terra Luna Classic,159,5.142e-05,283803854,6898991.0,-0.12991,-2.0017,2.3706,binance,370,2026-10-09,5.357150000000001e-05,-3.530795292272959,5.2727600000000007e-05,-1.9868152542501627,5.897935e-05,-12.376111299971948,False,-1.4304787335494895,1.8325123152709288,-14.564390808398075,46.29802831740115,-2.731047119813976e-07,9.58674762380436e-08,-0.7139554725608382,False,1750294.989922169,0.5752266620095168,2.9892387405340726,1.0034008656680966,49.829952525312734,-21.734104046242773,6.055e-05,-14.64905037159373,-3.695922578262101,,22.0,48.0,,52.0,39.0,
collector-crypt,CARDS,Collector Crypt,160,0.311371,278549917,7364532.0,6.73581,14.3349,149.5515,coingecko,370,2026-10-09,0.21815032192898848,15.436455913716717,0.18529382965858762,35.90576689098983,0.153502042524749,64.05319177338396,True,18.807397346526077,87.56143633202689,51.38771874777524,56.1490746479643,0.030157673690987707,0.024381220030501343,2.2938364562364026,False,9839649.076795254,1.1770998789884395,-7.517901185382925,-0.7054664554948351,237.0925861595238,-48.87904189371053,0.31193509581326134,-19.270064965712663,82.03300143849386,,93.0,89.0,,6.0,65.0,
syrup,SYRUP,Maple Finance,161,0.236547,276114748,5215199.0,3.96483,-8.6574,8.7233,binance,370,2026-10-09,0.231615,-0.9563283897847663,0.21552400000000002,6.438262096100655,0.1938645,18.330070745288584,True,-5.128205128205121,7.85143394452279,19.7286012526096,50.67752732486418,0.007790596678371453,0.00944398849899737,-0.7207462164890657,True,1845445.9910680004,0.6619786721057095,-0.9926629261976627,-0.24420437253532207,87.0302947168441,-22.17573221757323,0.2591,-11.46275569278271,2.3229990509897602,,65.0,52.0,,40.0,53.0,
arweave,AR,Arweave,162,4.12,270711709,8719513.0,0.94838,-8.5535,56.1113,binance,370,2026-10-09,4.420999999999999,-7.373897308301281,3.3160799999999995,23.489179995657537,2.303245,77.79263604175846,True,-3.6470588235294144,47.83393501805053,107.65720081135903,52.470944020628046,0.248893068102638,0.36279060366717797,-2.781380599866666,False,6496894.218516666,0.33010838424265754,3.8286004056795164,0.6153413362963548,173.76104135752507,-17.901748542880934,4.804,-14.758534554537894,42.3055001245175,,70.0,57.0,,32.0,54.0,
ethereum-name-service,ENS,Ethereum Name Service,163,6.33,267725496,6738911.0,1.06488,-7.2445,13.0639,binance,370,2026-10-09,6.7985,-7.332499816135907,6.2016,1.5866873065015552,5.462900000000001,15.323363048930027,True,-7.079646017699126,9.185441941074535,52.17391304347827,45.72553969290573,0.10859929265346757,0.23615540404441185,-2.0247001808086393,False,1566129.4092,0.41715577177860713,2.4390243902439046,0.5157408797632632,69.204747702197,-16.846652267818573,7.19,-12.378303198887352,3.657007047541505,,51.0,37.0,,55.0,48.0,
floki,FLOKI,FLOKI,164,2.742e-05,264360329,13991853.0,-2.31431,0.3033,13.976,binance,370,2026-10-09,2.7997e-05,-0.025002678858443428,2.64638e-05,5.767123391198559,2.6348499999999997e-05,6.22995616448756,True,2.7910392948953477,12.681159420289866,23.141223053233606,53.49218543071874,4.981600055633381e-07,6.969695057337961e-07,-0.7102876033242512,False,2625623.1979726823,0.8671704789182659,7.405986185725255,1.7031610308167544,86.06923388087347,-20.05494505494505,3.032e-05,-7.684696569920845,7.152724526756837,,60.0,69.0,,51.0,60.0,
jasmycoin,JASMY,JasmyCoin,165,0.00515276,254778195,9728270.0,0.52151,-6.9113,30.7932,binance,370,2026-10-09,0.0049440000000000005,3.3576051779935057,0.0045785999999999995,11.606167824225766,0.00490795,4.116790105848667,False,-5.018587360594795,27.749999999999986,15.349887133182838,54.952812362597996,0.00019758119163712246,0.00024030702511197819,-0.8361219858093096,True,1621352.7488835999,0.6308269587548146,9.188034188034177,1.9886618345707003,103.25675464270671,-27.217741935483875,0.00572,-10.664335664335667,22.221565106466954,,37.0,61.0,,33.0,43.0,
pons,PONS,Pons,166,0.37134,251812834,44549421.0,8.26427,-10.6459,-35.937,coingecko,87,2026-10-09,0.5244693322025119,-32.92892543425565,0.4788330087519379,-26.53655649327986,,,,-30.95070304283083,-55.205469881086564,,36.0705979996003,-0.04252581993719279,-0.012985882750765601,-8.39758106192127,False,76217639.10828699,1.0231988518972102,-9.724617234634604,-0.3382870374212387,175.84452907131967,-65.68233147699468,0.9146251516719949,-61.53973939674033,-60.733904774619596,,2.0,28.0,,20.0,16.0,
compound-governance-token,COMP,Compound,168,24.79,247863661,15579105.0,2.16573,-1.3892,22.3687,binance,370,2026-10-09,23.936500000000002,1.351492490547912,21.428800000000003,13.212125737325465,19.4951,24.441526332257844,True,-0.4922067268252617,20.5765407554672,41.9543592744295,57.15644891742317,0.8619401663655815,1.08866105040287,-0.9345461007307854,True,1224406.5310736669,0.773932113820934,4.433921653034867,1.3984349366480953,71.60453806069108,-12.976362759286065,25.39,-4.450571090980693,15.048105861934168,,71.0,71.0,,66.0,69.0,
eigenlayer,EIGEN,EigenCloud (prev. EigenLayer),170,0.243136,236178099,25780200.0,9.70551,-6.6037,12.7153,binance,370,2026-10-09,0.24846,-10.327618127666415,0.22374,-0.42013050862608203,0.20439,9.007289984832934,True,-9.430894308943094,9.861932938856,-1.415929203539823,43.16643831442718,0.0039055393760334955,0.009145379286372383,-2.3518132452149407,False,4280573.203089466,1.3984559326121366,1.2267151294865997,0.2641504863632877,98.12285026273031,-32.346980137819216,0.276,-19.275362318840582,4.33349804532297,,44.0,51.0,,36.0,44.0,
meteora,MET,Meteora,171,0.422491,235752083,120006010.0,3.82908,40.9799,94.9022,binance,331,2026-10-09,0.33649,21.340901661267786,0.262266,55.68163620141382,0.17799800000000002,129.38459982696432,True,38.73598369011213,94.15121255349501,168.44181459566073,65.80865842484977,0.03845085944239185,0.030550611610470808,1.9349125231254083,True,5479726.475093333,1.6078124207759725,-7.64532911106085,-1.0522221682629862,184.51779645755468,-24.408163265306115,0.4454,-8.32959137853615,88.62277765996198,,96.0,91.0,,42.0,78.0,
zebec-network,ZBCN,Zebec Network,173,0.00230187,230184606,7353639.0,1.9318,-6.0912,28.0105,coingecko,370,2026-10-09,0.002280114448926189,3.521609253930902,0.0020238878918529355,16.627565185873806,0.002401227803605863,-1.6998234480202323,False,-8.935239714203892,32.080395441071154,7.781662592343652,55.663229520343435,0.00015612513229366258,0.0001586518140842162,-0.1070441379994188,True,8179023.898697666,1.1084697704763375,-0.12727910608013593,-0.026058908128221963,112.72581205755252,-28.857057543897213,0.0026518148695141024,-10.988840228040031,26.551960547538123,,43.0,65.0,,26.0,45.0,
thorchain,RUNE,THORChain,174,0.687447,225869673,67365910.0,-1.43086,-6.7803,37.7869,binance,370,2026-10-09,0.716,-1.9553072625698387,0.5809799999999999,20.830321181452028,0.469875,49.40143655227453,True,-5.77181208053692,46.24999999999999,73.33333333333331,53.82524140497361,0.04543351645769833,0.05959881859223699,-2.0178493069143393,True,5574751.99528,0.5078295749294238,4.309063893016329,1.1413844579963401,108.5416933808662,-15.874999999999995,0.8,-12.250000000000005,40.72156510646696,,72.0,59.0,,63.0,65.0,
axie-infinity,AXS,Axie Infinity,181,1.24,217042122,27116380.0,3.08659,3.2356,37.1857,binance,370,2026-10-09,1.16885,2.750566796423848,1.03566,15.964698839387449,1.062155,13.072009264184615,False,-2.8317152103559784,29.41810344827587,21.190716448032298,55.32340374135398,0.061710770697756656,0.06684512581132457,-0.42750667057184943,True,3463235.1904716664,0.5570142077839291,3.802938634399311,0.9903819684137458,96.99945820769152,-18.071161048689145,1.36,-11.691176470588239,23.889668554742837,,46.0,63.0,,55.0,54.0,
dogwifcoin,WIF,dogwifhat,182,0.216713,216480219,40100707.0,0.43697,-13.93,12.4578,binance,370,2026-10-09,0.23987000000000003,-9.325884854296085,0.21619,0.605948471252149,0.18363999999999997,18.43824874754958,True,-12.720706260032099,6.201171875,44.8069241011984,45.29732184342592,0.005253702141386346,0.010603703997274262,-2.4597709682243294,True,3546967.6487320005,0.4224606015357033,4.920405209840806,0.9675583838566294,119.89949449584441,-18.833202819107285,0.2554,-14.839467501957715,0.6727369814669704,,48.0,29.0,,49.0,43.0,
basic-attention-token,BAT,Basic Attention,186,0.140047,209472195,100319824.0,3.68497,47.359,96.2791,binance,366,2026-10-09,0.09604,40.87880049979176,0.081676,65.65453744061904,0.08771550000000002,54.24867896779928,False,42.72151898734178,81.12449799196789,59.36395759717315,82.04868666664889,0.00914174275568605,0.006699176658549703,1.8052964502116384,False,872842.0735633335,11.897473760866424,31.74294060370011,8.963375763385338,135.71824795998108,-31.85096153846153,0.1353,0.0,75.59606309843485,Volumen 11.9x su promedio de 30 días; Subida diaria de +31.7% (9.0 desviaciones),68.0,83.0,,36.0,62.0,
the-sandbox,SAND,The Sandbox,190,0.0673,197703236,56975885.0,-2.20173,-10.1209,89.8635,binance,370,2026-10-09,0.05453,25.98569594718503,0.045325199999999996,51.571311323502165,0.056825299999999995,20.8968540421256,False,-0.6794853260083777,84.77676169983863,41.241776315789465,62.90731310172039,0.008388276582227273,0.0066731932675366526,2.496482263014004,False,9387740.390026333,1.348488498053203,3.2616864572373228,0.4521525809957268,215.8430144504066,-31.901465798045592,0.07789,-11.798690460906414,79.2483268063056,,60.0,85.0,,27.0,58.0,
doublezero,2Z,DoubleZero,193,0.03721973,191948053,6711381.0,2.24556,-17.6864,-20.101,binance,370,2026-10-09,0.052210999999999994,-30.033900902108744,0.052097199999999996,-29.88106846433205,0.0693588,-47.3318454183175,False,-20.535131607570143,-24.3058433485288,-48.16969353007946,31.567425554743664,-0.004031476473666903,-0.0014922809720596057,-6.950986864514913,False,2465113.4596280004,0.39056004163203434,1.9252232142857206,0.39936099646035006,134.92832171209844,-50.592776399228015,0.07254,-49.641577060931894,-29.834278242061828,,1.0,11.0,,10.0,7.0,
origintrail,TRAC,OriginTrail,194,0.425885,190487203,5864725.0,4.70092,-8.4036,35.7312,coingecko,370,2026-10-09,0.3930560237239848,1.0914411834874072,0.3560358247725043,11.602813928901124,0.32405832482891817,22.615581392904936,True,-8.706098589048306,16.59406583799443,46.35115829377065,52.95012211665676,0.023296808875229835,0.02465947673381135,-0.34294238821330464,True,8569611.747467006,0.5653948992135895,-2.2198137369800364,-0.4101304619035821,100.61969924315666,-21.95008335220492,0.4672985363030473,-14.969560533054194,11.065630944461402,,74.0,49.0,,36.0,54.0,
useless-3,USELESS,Useless Coin,196,0.185981,185969540,20929335.0,0.43094,-21.9912,-23.9878,coingecko,370,2026-10-09,0.2536497993675107,-25.86196306938674,0.19747365741586034,-4.771611368145967,0.09354268729450627,101.03226384491064,True,-20.13351728380044,-33.83070274306201,108.47159726928285,40.63711068462852,-0.0003885681872186908,0.011622241431668413,-6.386996491934937,False,52611490.38565203,0.4548727504752645,-8.401875494816991,-0.6588766841882431,194.77632873951399,-60.66172189252026,0.34577074776379485,-45.61397019681546,-39.359137636595044,,51.0,18.0,,13.0,29.0,
decentraland,MANA,Decentraland,197,0.094576,185210347,12840834.0,-0.46822,-9.6831,32.2132,binance,370,2026-10-09,0.09337000000000001,1.7457427439220297,0.08214400000000001,15.650564861706261,0.07904800000000001,20.180143710150777,True,-5.472636815920406,29.427792915531327,34.56090651558075,55.228338439456614,0.005457280301418413,0.005859502866779928,-0.4233921740647528,True,1672288.5133233333,0.4792422624534556,2.813852813852824,0.8539768405476218,84.76212562002121,-14.634146341463417,0.1052,-9.695817490494296,23.899358021998296,,74.0,55.0,,58.0,63.0,
sonic-3,S,Sonic,198,0.04727661,183693166,46311041.0,6.81656,20.2149,77.6188,binance,365,2026-10-09,0.0407255,7.991307657364555,0.0334314,31.552971158850653,0.03408735,29.02146984145144,False,15.797788309636651,55.62632696390657,69.80694980694982,60.421013027715205,0.0026513913395770083,0.002873163552390476,-0.5042569641052016,True,2473043.8365392997,2.5276412855197945,14.144822216454699,2.5706304737581975,144.4530451083356,-20.39350405996253,0.04398,0.0,50.09789207037354,Volumen 2.5x su promedio de 30 días; Subida diaria de +14.1% (2.6 desviaciones),57.0,94.0,,42.0,64.0,
chain-2,XCN,Onyxcoin,199,0.00462702,183149324,11125749.0,10.06948,-4.0466,21.013,coingecko,369,2026-10-09,0.004725517238118268,-12.421799751630013,0.004180755142686975,-1.0101570571619756,0.004222989578346864,-2.000161904483544,False,-13.3246452523764,2.9667513857477346,8.276478060387028,41.341058436820305,9.615118685524573e-05,0.00019993998871849363,-2.507870637132028,False,10423411.167788176,0.6573862195163107,-7.110119951338534,-1.3374698075218308,115.74532096495504,-23.71365714109892,0.005281761078597261,-21.64501786457982,-2.561683507785295,,13.0,32.0,,35.0,26.0,
